Name,IconSWF,IconExportName,Target,LockedForChronos,MetaType,RequiresCard,Type,Skill,Value,Value2,Value3,Rarity,TID,PowerNumberTID,PowerNumber2TID,PowerIcon1ExportName,PowerIcon2ExportName,SortOrder,DontUpgradeStat
String,String,String,String,boolean,int,String,String,String,int,int,int,String,String,String,String,String,String,int,boolean
ShotgunGirl_unlock,sc/ui.sc,,ShotgunGirl,,0,,unlock,,,,,common,,,,,,101,
ShotgunGirl_hp,sc/ui.sc,health_icon,ShotgunGirl,,1,,hp,,,,,common,TID_ARMOR,TID_ARMOR_STAT,,genicon_health,,,
ShotgunGirl_abi,sc/ui.sc,attack_icon,ShotgunGirl,,2,,skill,ShotgunGirlWeapon,,,,common,TID_LONG_RANGE_SHOTGUN,TID_STAT_DAMAGE_PER_SHELL,,genicon_damage,,,
ShotgunGirl_ulti,sc/ui.sc,ulti_icon,ShotgunGirl,,3,,skill,ShotgunGirlUlti,,,,common,TID_MEGA_BLASH_ULTI,TID_STAT_DAMAGE_PER_SHELL,,genicon_damage,,,
Gunslinger_unlock,sc/ui.sc,,Gunslinger,,0,,unlock,,,,,common,,,,,,103,
Gunslinger_hp,sc/ui.sc,health_icon,Gunslinger,,1,,hp,,,,,common,TID_ARMOR,TID_ARMOR_STAT,,genicon_health,,,
Gunslinger_abi,sc/ui.sc,attack_icon,Gunslinger,,2,,skill,GunslingerWeapon,,,,common,TID_RAPID_FIRE,TID_STAT_DAMAGE_PER_SHOT,,genicon_damage,,,
Gunslinger_ulti,sc/ui.sc,ulti_icon,Gunslinger,,3,,skill,GunslingerUlti,,,,common,TID_RAPID_FIRE_ULTI,TID_STAT_DAMAGE_PER_SHOT,,genicon_damage,,,
BullDude_unlock,sc/ui.sc,,BullDude,,0,,unlock,,,,,common,,,,,,104,
BullDude_hp,sc/ui.sc,health_icon,BullDude,,1,,hp,,,,,common,TID_ARMOR,TID_ARMOR_STAT,,genicon_health,,,
BullDude_abi,sc/ui.sc,attack_icon,BullDude,,2,,skill,BullDudeWeapon,,,,common,TID_SHOTGUN_BLAST,TID_STAT_DAMAGE_PER_SHELL,,genicon_damage,,,
BullDude_ulti,sc/ui.sc,ulti_icon,BullDude,,3,,skill,BullDudeUlti,,,,common,TID_CHARGE,TID_STAT_DAMAGE,,genicon_damage,,,
RocketGirl_unlock,sc/ui.sc,,RocketGirl,,0,,unlock,,,,,common,,,,,,106,
RocketGirl_hp,sc/ui.sc,health_icon,RocketGirl,,1,,hp,,,,,common,TID_ARMOR,TID_ARMOR_STAT,,genicon_health,,,
RocketGirl_abi,sc/ui.sc,attack_icon,RocketGirl,,2,,skill,RocketGirlWeapon,,,,common,TID_FIREWORKS_WEAPON,TID_STAT_DAMAGE,,genicon_damage,,,
RocketGirl_ulti,sc/ui.sc,ulti_icon,RocketGirl,,3,,skill,RocketGirlUlti,,,,common,TID_FIREWORKS_ULTI,TID_STAT_MISSILE_DAMAGE,,genicon_damage,,,
TrickshotDude_unlock,sc/ui.sc,,TrickshotDude,,0,,unlock,,,,,super_rare,,,,,,301,
TrickshotDude_hp,sc/ui.sc,health_icon,TrickshotDude,,1,,hp,,,,,common,TID_ARMOR,TID_ARMOR_STAT,,genicon_health,,,
TrickshotDude_abi,sc/ui.sc,attack_icon,TrickshotDude,,2,,skill,TrickshotDudeWeapon,,,,common,TID_TRICKSHOT_DUDE_WEAPON,TID_STAT_DAMAGE_PER_SHOT,,genicon_damage,,,
TrickshotDude_ulti,sc/ui.sc,ulti_icon,TrickshotDude,,3,,skill,TrickshotDudeUlti,,,,common,TID_TRICKSHOT_DUDE_ULTI,TID_STAT_DAMAGE_PER_SHOT,,genicon_damage,,,
Cactus_unlock,sc/ui.sc,,Cactus,,0,,unlock,,,,,legendary,,,,,,601,
Cactus_hp,sc/ui.sc,health_icon,Cactus,,1,,hp,,,,,common,TID_ARMOR,TID_ARMOR_STAT,,genicon_health,,,
Cactus_abi,sc/ui.sc,attack_icon,Cactus,,2,,skill,CactusWeapon,,,,common,TID_CACTUS_WEAPON,TID_STAT_DAMAGE_PER_SPIKE,,genicon_damage,,,
Cactus_ulti,sc/ui.sc,ulti_icon,Cactus,,3,,skill,CactusUlti,,,,common,TID_CACTUS_ULTI,TID_STAT_DAMAGE_PER_SECOND,,genicon_damage,,,
Barkeep_unlock,sc/ui.sc,,Barkeep,,0,,unlock,,,,,rare,,,,,,202,
Barkeep_hp,sc/ui.sc,health_icon,Barkeep,,1,,hp,,,,,common,TID_ARMOR,TID_ARMOR_STAT,,genicon_health,,,
Barkeep_abi,sc/ui.sc,attack_icon,Barkeep,,2,,skill,BarkeepWeapon,,,,common,TID_BARKEEP_WEAPON,TID_STAT_DAMAGE_PER_SECOND,,genicon_damage,,,
Barkeep_ulti,sc/ui.sc,ulti_icon,Barkeep,,3,,skill,BarkeepUlti,,,,common,TID_BARKEEP_ULTI,TID_STAT_DAMAGE_PER_SECOND_EACH,,genicon_damage,,,
Mechanic_unlock,sc/ui.sc,,Mechanic,,0,,unlock,,,,,common,,,,,,105,
Mechanic_hp,sc/ui.sc,health_icon,Mechanic,,1,,hp,,,,,common,TID_ARMOR,TID_ARMOR_STAT,,genicon_health,,,
Mechanic_abi,sc/ui.sc,attack_icon,Mechanic,,2,,skill,MechanicWeapon,,,,common,TID_MECHANIC_WEAPON,TID_STAT_DAMAGE,,genicon_damage,,,
Mechanic_ulti,sc/ui.sc,ulti_icon,Mechanic,,3,,skill,MechanicUlti,,,,common,TID_MECHANIC_ULTI,TID_TURRET_DAMAGE,TID_TURRET_HEALTH,genicon_damage,genicon_health,,
Shaman_unlock,sc/ui.sc,,Shaman,,0,,unlock,,,,,common,,,,,,102,
Shaman_hp,sc/ui.sc,health_icon,Shaman,,1,,hp,,,,,common,TID_ARMOR,TID_ARMOR_STAT,,genicon_health,,,
Shaman_abi,sc/ui.sc,attack_icon,Shaman,,2,,skill,ShamanWeapon,,,,common,TID_SHAMAN_WEAPON,TID_STAT_DAMAGE,,genicon_damage,,,
Shaman_ulti,sc/ui.sc,ulti_icon,Shaman,,3,,skill,ShamanUlti,,,,common,TID_SHAMAN_ULTI,TID_BEAR_DAMAGE,TID_BEAR_HEALTH,genicon_damage,genicon_health,,
TntDude_unlock,sc/ui.sc,,TntDude,,0,,unlock,,,,,common,,,,,,107,
TntDude_hp,sc/ui.sc,health_icon,TntDude,,1,,hp,,,,,common,TID_ARMOR,TID_ARMOR_STAT,,genicon_health,,,
TntDude_abi,sc/ui.sc,attack_icon,TntDude,,2,,skill,TntDudeWeapon,,,,common,TID_MORTAR,TID_STAT_PER_DYNAMITE,,genicon_damage,,,
TntDude_ulti,sc/ui.sc,ulti_icon,TntDude,,3,,skill,TntDudeUlti,,,,common,TID_MORTAR_ULTI,TID_STAT_DAMAGE,,genicon_damage,,,
Luchador_unlock,sc/ui.sc,,Luchador,,0,,unlock,,,,,rare,,,,,,201,
Luchador_hp,sc/ui.sc,health_icon,Luchador,,1,,hp,,,,,common,TID_ARMOR,TID_ARMOR_STAT,,genicon_health,,,
Luchador_abi,sc/ui.sc,attack_icon,Luchador,,2,,skill,LuchadorWeapon,,,,common,TID_LUCHADOR_WEAPON,TID_STAT_DAMAGE_PER_STRIKE,,genicon_damage,,,
Luchador_ulti,sc/ui.sc,ulti_icon,Luchador,,3,,skill,LuchadorUlti,,,,common,TID_LUCHADOR_ULTI,TID_STAT_DAMAGE,,genicon_damage,,,
Undertaker_unlock,sc/ui.sc,,Undertaker,,0,,unlock,,,,,mega_epic,,,,,,501,
Undertaker_hp,sc/ui.sc,health_icon,Undertaker,,1,,hp,,,,,common,TID_ARMOR,TID_ARMOR_STAT,,genicon_health,,,
Undertaker_abi,sc/ui.sc,attack_icon,Undertaker,,2,,skill,UndertakerWeapon,,,,common,TID_UNDERTAKER_WEAPON,TID_STAT_DAMAGE,,genicon_damage,,,
Undertaker_ulti,sc/ui.sc,ulti_icon,Undertaker,,3,,skill,UndertakerUlti,,,,common,TID_UNDERTAKER_ULTI,TID_STAT_DAMAGE,,genicon_damage,,,
Crow_unlock,sc/ui.sc,,Crow,,0,,unlock,,,,,legendary,,,,,,602,
Crow_hp,sc/ui.sc,health_icon,Crow,,1,,hp,,,,,common,TID_ARMOR,TID_ARMOR_STAT,,genicon_health,,,
Crow_abi,sc/ui.sc,attack_icon,Crow,,2,,skill,CrowWeapon,,,,common,TID_CROW_WEAPON,TID_STAT_DAMAGE_PER_DAGGER,,genicon_damage,,,
Crow_ulti,sc/ui.sc,ulti_icon,Crow,,3,,skill,CrowUlti,,,,common,TID_CROW_ULTI,TID_STAT_DAMAGE_PER_DAGGER,,genicon_damage,,,
DeadMariachi_unlock,sc/ui.sc,,DeadMariachi,,0,,unlock,,,,,rare,,,,,,203,
DeadMariachi_hp,sc/ui.sc,health_icon,DeadMariachi,,1,,hp,,,,,common,TID_ARMOR,TID_ARMOR_STAT,,genicon_health,,,
DeadMariachi_abi,sc/ui.sc,attack_icon,DeadMariachi,,2,,skill,DeadMariachiWeapon,,,,common,TID_DEAD_MARIACHI_WEAPON,TID_STAT_DAMAGE,,genicon_damage,,,
DeadMariachi_ulti,sc/ui.sc,ulti_icon,DeadMariachi,,3,,skill,DeadMariachiUlti,,,,common,TID_DEAD_MARIACHI_ULTI,TID_STAT_HEAL,,genicon_health,,,
BowDude_unlock,sc/ui.sc,,BowDude,,0,,unlock,,,,,common,,,,,,108,
BowDude_hp,sc/ui.sc,health_icon,BowDude,,1,,hp,,,,,common,TID_ARMOR,TID_ARMOR_STAT,,genicon_health,,,
BowDude_abi,sc/ui.sc,attack_icon,BowDude,,2,,skill,BowDudeWeapon,,,,common,TID_BOW_DUDE_WEAPON,TID_STAT_DAMAGE_PER_ARROW,,genicon_damage,,,
BowDude_ulti,sc/ui.sc,ulti_icon,BowDude,,3,,skill,BowDudeUlti,,,,common,TID_BOW_DUDE_ULTI,TID_STAT_DAMAGE_PER_MINE,,genicon_damage,,,
Sniper_unlock,sc/ui.sc,,Sniper,,0,,unlock,,,,,epic,,,,,,401,
Sniper_hp,sc/ui.sc,health_icon,Sniper,,1,,hp,,,,,common,TID_ARMOR,TID_ARMOR_STAT,,genicon_health,,,
Sniper_abi,sc/ui.sc,attack_icon,Sniper,,2,,skill,SniperWeapon,,,,common,TID_SNIPER_WEAPON,TID_STAT_MAX_DAMAGE,,genicon_damage,,,
Sniper_ulti,sc/ui.sc,ulti_icon,Sniper,,3,,skill,SniperUlti,,,,common,TID_SNIPER_ULTI,TID_STAT_DAMAGE_PER_BOMB,,genicon_damage,,,
MinigunDude_unlock,sc/ui.sc,,MinigunDude,,0,,unlock,,,,,epic,,,,,,402,
MinigunDude_hp,sc/ui.sc,health_icon,MinigunDude,,1,,hp,,,,,common,TID_ARMOR,TID_ARMOR_STAT,,genicon_health,,,
MinigunDude_abi,sc/ui.sc,attack_icon,MinigunDude,,2,,skill,MinigunDudeWeapon,,,,common,TID_MINIGUN_DUDE_WEAPON,TID_STAT_DAMAGE_PER_SHOT,,genicon_damage,,,
MinigunDude_ulti,sc/ui.sc,ulti_icon,MinigunDude,,3,,skill,MinigunDudeUlti,,,,common,TID_MINIGUN_DUDE_ULTI,TID_STAT_HEALING_PER_SEC,TID_TURRET_HEALTH,genicon_heal,genicon_health,,
BlackHole_unlock,sc/ui.sc,,BlackHole,,0,,unlock,,,,,mega_epic,,,,,,502,
BlackHole_hp,sc/ui.sc,health_icon,BlackHole,,1,,hp,,,,,common,TID_ARMOR,TID_ARMOR_STAT,,genicon_health,,,
BlackHole_abi,sc/ui.sc,attack_icon,BlackHole,,2,,skill,BlackHoleWeapon,,,,common,TID_BLACK_HOLE_WEAPON,TID_STAT_DAMAGE_PER_CARD,,genicon_damage,,,
BlackHole_ulti,sc/ui.sc,ulti_icon,BlackHole,,3,,skill,BlackHoleUlti,,,,common,TID_BLACK_HOLE_ULTI,TID_STAT_DAMAGE,,genicon_damage,,,
BarrelBot_unlock,sc/ui.sc,,BarrelBot,,0,,unlock,,,,,super_rare,,,,,,302,
BarrelBot_hp,sc/ui.sc,health_icon,BarrelBot,,1,,hp,,,,,common,TID_ARMOR,TID_ARMOR_STAT,,genicon_health,,,
BarrelBot_abi,sc/ui.sc,attack_icon,BarrelBot,,2,,skill,BarrelBotWeapon,,,,common,TID_BARREL_BOT_WEAPON,TID_STAT_DAMAGE_PER_SHELL,,genicon_damage,,,
BarrelBot_ulti,sc/ui.sc,ulti_icon,BarrelBot,,3,,skill,BarrelBotUlti,,,,common,TID_BARREL_BOT_ULTI,TID_STAT_DAMAGE,,genicon_damage,,,
ShotgunGirl_unique,sc/ui.sc,icon_eiuD,ShotgunGirl,,4,,freeze,,60,350,,common,TID_SPEC_ABI_FREEZE,,,genicon_health,,,
Gunslinger_unique,sc/ui.sc,icon_eiuD,Gunslinger,,4,,speed,,75,,,common,TID_SPEC_ABI_SPEED,,,genicon_health,,,
BullDude_unique,sc/ui.sc,icon_eiuD,BullDude,,4,,berserker,,40,,,common,TID_SPEC_ABI_BERSERKER,,,genicon_health,,,
RocketGirl_unique,sc/ui.sc,icon_eiuD,RocketGirl,,4,,main_attack_burn,,600,,,common,TID_SPEC_BURN,,,genicon_health,,,
TrickshotDude_unique,sc/ui.sc,icon_eiuD,TrickshotDude,,4,,bounced_bullets_stronger,,100,,,common,TID_SPEC_BOUNCED_BULLETS_STRONGER,,,genicon_health,,,
Cactus_unique,sc/ui.sc,icon_eiuD,Cactus,,4,,cactus_heal,,800,,,common,TID_SPEC_ABI_CACTUS_HEAL,,,genicon_health,,,
Barkeep_unique,sc/ui.sc,icon_eiuD,Barkeep,,4,,heal_self_main_attack,,400,,,common,TID_SPEC_ABI_HEAL_SELF_MAIN_ATTACK,,,genicon_health,,,
Mechanic_unique,sc/ui.sc,icon_eiuD,Mechanic,,4,,repair_turret,,800,,,common,TID_SPEC_ABI_REPAIR_TURRET,,,genicon_health,,,
Shaman_unique,sc/ui.sc,icon_eiuD,Shaman,,4,,pet_lifesteal,,500,500,,common,TID_SPEC_ABI_PET_LIFESTEAL,,,genicon_health,,,
TntDude_unique,sc/ui.sc,icon_eiuD,TntDude,,4,,pushback_self,,972,,,common,TID_SPEC_ABI_PUSHBACK_SELF,,,genicon_health,,,
Luchador_unique,sc/ui.sc,icon_eiuD,Luchador,,4,,fire_dot_ulti,,1200,,,common,TID_SPEC_ABI_FIRE_DOT_ULTI,,,genicon_health,,,
Undertaker_unique,sc/ui.sc,icon_eiuD,Undertaker,,4,,steal_souls,,1800,,,common,TID_SPEC_ABI_STEAL_SOULS,,,genicon_health,,,
Crow_unique,sc/ui.sc,icon_eiuD,Crow,,4,,cripple,,20,,,common,TID_SPEC_CRIPPLE,,,genicon_health,,,
DeadMariachi_unique,sc/ui.sc,icon_eiuD,DeadMariachi,,4,,heal_main_attack,,800,,,common,TID_SPEC_HEAL_MAIN_ATTACK,,,genicon_health,,,
BowDude_unique,sc/ui.sc,icon_eiuD,BowDude,,4,,spot,,5,,,common,TID_SPEC_ABI_SPOT,,,genicon_health,,,
Sniper_unique,sc/ui.sc,icon_eiuD,Sniper,,4,,ambush,,800,,,common,TID_SPEC_ABI_AMBUSH,,,genicon_health,,,
MinigunDude_unique,sc/ui.sc,icon_eiuD,MinigunDude,,4,,heal_others_main_attack,,40,,,common,TID_SPEC_ABI_HEAL_OTHERS_MAIN_ATTACK,,,genicon_health,,,
BlackHole_unique,sc/ui.sc,icon_eiuD,BlackHole,,4,,black_hole_monster,,1,,,common,TID_SPEC_ABI_BLACK_HOLE_MONSTER,,,genicon_health,,,
BarrelBot_unique,sc/ui.sc,icon_eiuD,BarrelBot,,4,,barrel_defense,,60,30,,common,TID_SPEC_ABI_BARREL_DEFENSE,,,genicon_health,,,
ArtilleryDude_unlock,sc/ui.sc,,ArtilleryDude,,0,,unlock,,,,,super_rare,,,,,,303,
ArtilleryDude_hp,sc/ui.sc,health_icon,ArtilleryDude,,1,,hp,,,,,common,TID_ARMOR,TID_ARMOR_STAT,,genicon_health,,,
ArtilleryDude_abi,sc/ui.sc,attack_icon,ArtilleryDude,,2,,skill,ArtilleryDudeWeapon,,,,common,TID_ARTILLERY_DUDE_WEAPON,TID_STAT_DAMAGE,,genicon_damage,,,
ArtilleryDude_ulti,sc/ui.sc,ulti_icon,ArtilleryDude,,3,,skill,ArtilleryDudeUlti,,,,common,TID_ARTILLERY_DUDE_ULTI,TID_CANNON_DAMAGE,TID_CANNON_HEALTH,genicon_damage,genicon_health,,
ArtilleryDude_unique,sc/ui.sc,icon_eiuD,ArtilleryDude,,4,,self_destruct,,1680,,,common,TID_SPEC_ABI_SELF_DESTRUCT,,,genicon_health,,,
HammerDude_unlock,sc/ui.sc,,HammerDude,,0,,unlock,,,,,epic,,,,,,403,
HammerDude_hp,sc/ui.sc,health_icon,HammerDude,,1,,hp,,,,,common,TID_ARMOR,TID_ARMOR_STAT,,genicon_health,,,
HammerDude_abi,sc/ui.sc,attack_icon,HammerDude,,2,,skill,HammerDudeWeapon,,,,common,TID_HAMMER_DUDE_WEAPON,TID_STAT_DAMAGE,,genicon_damage,,,
HammerDude_ulti,sc/ui.sc,ulti_icon,HammerDude,,3,,skill,HammerDudeUlti,,,,common,TID_HAMMER_DUDE_ULTI,TID_STAT_DAMAGE,,genicon_damage,genicon_health,,
HammerDude_unique,sc/ui.sc,icon_eiuD,HammerDude,,4,,steal_souls2,,50,12,,common,TID_SPEC_ABI_STEAL_SOULS2,,,genicon_health,,,
HookDude_unlock,sc/ui.sc,,HookDude,,0,,unlock,,,,,mega_epic,,,,,,503,
HookDude_hp,sc/ui.sc,health_icon,HookDude,,1,,hp,,,,,common,TID_ARMOR,TID_ARMOR_STAT,,genicon_health,,,
HookDude_abi,sc/ui.sc,attack_icon,HookDude,,2,,skill,HookWeapon,,,,common,TID_HOOK_WEAPON,TID_STAT_DAMAGE,,genicon_damage,,,
HookDude_ulti,sc/ui.sc,ulti_icon,HookDude,,3,,skill,HookUlti,,,,common,TID_HOOK_ULTI,TID_HOOK_ULTI,,genicon_damage,,,
HookDude_unique,sc/ui.sc,icon_eiuD,HookDude,,4,,aoe_regenerate,,400,,,common,TID_SPEC_ABI_HOOK,,,genicon_health,,,
ClusterBombDude_unlock,sc/ui.sc,,ClusterBombDude,,0,,unlock,,,,,common,,,,,,109,
ClusterBombDude_hp,sc/ui.sc,health_icon,ClusterBombDude,,1,,hp,,,,,common,TID_ARMOR,TID_ARMOR_STAT,,genicon_health,,,
ClusterBombDude_abi,sc/ui.sc,attack_icon,ClusterBombDude,,2,,skill,ClusterBombDudeWeapon,,,,common,TID_CLUSTER_BOMB_DUDE_WEAPON,TID_STAT_DAMAGE_PER_PROXIMITY_MINE,,genicon_damage,,,
ClusterBombDude_ulti,sc/ui.sc,ulti_icon,ClusterBombDude,,3,,skill,ClusterBombDudeUlti,,,,common,TID_CLUSTER_BOMB_DUDE_ULTI,TID_STAT_DAMAGE,TID_HEAD_HEALTH,genicon_damage,,,
ClusterBombDude_unique,sc/ui.sc,icon_eiuD,ClusterBombDude,,4,,repair_self,,40,,,common,TID_SPEC_ABI_REPAIR_SELF,,,genicon_health,,,
Ninja_unlock,sc/ui.sc,,Ninja,,0,,unlock,,,,,legendary,,,,,,603,
Ninja_hp,sc/ui.sc,health_icon,Ninja,,1,,hp,,,,,common,TID_ARMOR,TID_ARMOR_STAT,,genicon_health,,,
Ninja_abi,sc/ui.sc,attack_icon,Ninja,,2,,skill,NinjaWeapon,,,,common,TID_NINJA_WEAPON,TID_STAT_DAMAGE_PER_SHURIKEN,,genicon_damage,,,
Ninja_ulti,sc/ui.sc,ulti_icon,Ninja,,3,,skill,NinjaUlti,,,,common,TID_NINJA_ULTI,TID_STAT_INVISIBLE,,genicon_damage,,,
Ninja_unique,sc/ui.sc,icon_eiuD,Ninja,,4,,speed_invisible,,200,,,common,TID_SPEC_ABI_SPEED_INVISIBLE,,,genicon_health,,,
Rosa_unlock,sc/ui.sc,,Rosa,,0,,unlock,,,,,rare,,,,,,204,
Rosa_hp,sc/ui.sc,health_icon,Rosa,,1,,hp,,,,,common,TID_ARMOR,TID_ARMOR_STAT,,genicon_health,,,
Rosa_abi,sc/ui.sc,attack_icon,Rosa,,2,,skill,RosaWeapon,,,,common,TID_ROSA_WEAPON,TID_STAT_DAMAGE_PER_STRIKE,,genicon_damage,,,
Rosa_ulti,sc/ui.sc,ulti_icon,Rosa,,3,,skill,RosaUlti,,,,common,TID_ROSA_ULTI,TID_STAT_SHIELD,,genicon_damage,,,
Rosa_unique,sc/ui.sc,icon_eiuD,Rosa,,4,,heal_forest,,200,,,common,TID_SPEC_ABI_HEAL_FOREST,,,genicon_health,,,
Whirlwind_unlock,sc/ui.sc,,Whirlwind,,0,,unlock,,,,,super_rare,,,,,,304,
Whirlwind_hp,sc/ui.sc,health_icon,Whirlwind,,1,,hp,,,,,common,TID_ARMOR,TID_ARMOR_STAT,,genicon_health,,,
Whirlwind_abi,sc/ui.sc,attack_icon,Whirlwind,,2,,skill,WhirlwindWeapon,,,,common,TID_WHIRLWIND_WEAPON,TID_STAT_DAMAGE_EACH_WAY,,genicon_damage,,,
Whirlwind_ulti,sc/ui.sc,ulti_icon,Whirlwind,,3,,skill,WhirlwindUlti,,,,common,TID_WHIRLWIND_ULTI,TID_STAT_DAMAGE_PER_SWING,,genicon_damage,,,
Whirlwind_unique,sc/ui.sc,icon_eiuD,Whirlwind,,4,,projectile_speed,,360,,,common,TID_SPEC_ABI_PROJECTILE_SPEED,,,genicon_health,,,
Baseball_unlock,sc/ui.sc,,Baseball,,0,,unlock,,,,,epic,,,,,,404,
Baseball_hp,sc/ui.sc,health_icon,Baseball,,1,,hp,,,,,common,TID_ARMOR,TID_ARMOR_STAT,,genicon_health,,,
Baseball_abi,sc/ui.sc,attack_icon,Baseball,,2,,skill,BaseballWeapon,,,,common,TID_BASEBALL_WEAPON,TID_STAT_DAMAGE,,genicon_damage,,,
Baseball_ulti,sc/ui.sc,ulti_icon,Baseball,,3,,skill,BaseballUlti,,,,common,TID_BASEBALL_ULTI,TID_STAT_DAMAGE_EACH_WAY,,genicon_damage,,,
Baseball_unique,sc/ui.sc,icon_eiuD,Baseball,,4,,speed_full_ammo,,100,,,common,TID_SPEC_ABI_SPED_FULL_AMMO,,,genicon_health,,,
ShotgunGirl_unique_2,sc/ui.sc,icon_eiuD,ShotgunGirl,,4,,medikit,,40,1800,20000,common,TID_SPEC_ABI_MEDIKIT,,,genicon_health,,,
Shaman_unique_2,sc/ui.sc,icon_eiuD,Shaman,,4,,pet_attack_speed,,60,,,common,TID_SPEC_ABI_PET_ATTACK_SPEED,,,genicon_health,,,
BullDude_unique_2,sc/ui.sc,icon_eiuD,BullDude,,4,,low_health_shield,,40,30,,common,TID_SPEC_ABI_LOW_HEALTH_SHIELD,,,genicon_health,,,
Gunslinger_unique_2,sc/ui.sc,icon_eiuD,Gunslinger,,4,,attack_range,,3,,,common,TID_SPEC_ABI_ATTACK_RANGE,,,genicon_health,,,
MinigunDude_unique_2,sc/ui.sc,icon_eiuD,MinigunDude,,4,,aoe_dot,,500,,,common,TID_SPEC_ABI_TURRET_AOE,,,genicon_health,,,
Luchador_unique_2,sc/ui.sc,icon_eiuD,Luchador,,4,,speed_after_ulti,,200,80,,common,TID_SPEC_ABI_SPEED_AFTER_ULTI,,,genicon_health,,,
Ninja_unique_2,sc/ui.sc,icon_eiuD,Ninja,,4,,heal_invisible,,1000,,,common,TID_SPEC_ABI_HOT_INVISIBLE,,,genicon_health,,,
ArtilleryDude_unique_2,sc/ui.sc,icon_eiuD,ArtilleryDude,,4,,ulti_burn,,400,,,common,TID_SPEC_ULTI_BURN,,,genicon_health,,,
Crow_unique_2,sc/ui.sc,icon_eiuD,Crow,,4,,prey_on_the_weak,,50,120,,common,TID_SPEC_ABI_PREY_ON_THE_WEAK,,,genicon_health,,,
DeadMariachi_unique_2,sc/ui.sc,icon_eiuD,DeadMariachi,,4,,damage_super,,800,,,common,TID_SPEC_DAMAGE_SUPER,,,genicon_health,,,
Whirlwind_unique_2,sc/ui.sc,icon_eiuD,Whirlwind,,4,,ulti_defense,,60,40,,common,TID_SPEC_ABI_WHIRLWIND_SHIELD,,,genicon_health,,,
Baseball_unique_2,sc/ui.sc,icon_eiuD,Baseball,,4,,shield_homerun,,30,,,common,TID_SPEC_ABI_SHIELD_HOMERUN,,,genicon_health,,,
Rosa_unique_2,sc/ui.sc,icon_eiuD,Rosa,,4,,damage_buff_super,,220,,,common,TID_SPEC_ABI_DAMAGE_BUFF_SUPER,,,genicon_health,,,
BowDude_unique_2,sc/ui.sc,icon_eiuD,BowDude,,4,,stun_trap,,40,,,common,TID_SPEC_ABI_STUN_TRAP,,,genicon_health,,,
Mechanic_unique_2,sc/ui.sc,icon_eiuD,Mechanic,,4,,turret_electricity,,1,,,common,TID_SPEC_ABI_TURRET_ELECTRICITY,,,genicon_health,,,
RocketGirl_unique_2,sc/ui.sc,icon_eiuD,RocketGirl,,4,,extra_bullet,,1,,,common,TID_SPEC_EXTRA_BULLET,,,genicon_health,,,
Cactus_unique_2,sc/ui.sc,icon_eiuD,Cactus,,4,,curve_ball,,50,100,,common,TID_SPEC_ABI_CURVEBALL,,,genicon_health,,,
Sniper_unique_2,sc/ui.sc,icon_eiuD,Sniper,,4,,reload_on_hit,,30,,,common,TID_SPEC_ABI_RELOAD_ON_HIT,,,genicon_health,,,
HammerDude_unique_2,sc/ui.sc,icon_eiuD,HammerDude,,4,,gain_health,,1100,,,common,TID_SPEC_ABI_GAIN_HEALTH,,,genicon_health,,,
Undertaker_unique_2,sc/ui.sc,icon_eiuD,Undertaker,,4,,longer_dash,,6,,3500,common,TID_SPEC_ABI_LONGER_DASH,,,genicon_health,,,
TntDude_unique_2,sc/ui.sc,icon_eiuD,TntDude,,4,,gain_damage_super,,1000,,,common,TID_SPEC_ABI_SUPER_DAMAGE,,,genicon_health,,,
TrickshotDude_unique_2,sc/ui.sc,icon_eiuD,TrickshotDude,,4,,speed_low_health,,250,40,,common,TID_SPEC_ABI_SPEED_LOW_HEALTH,,,genicon_health,,,
BarrelBot_unique_2,sc/ui.sc,icon_eiuD,BarrelBot,,4,,super_reload,,100,,,common,TID_SPEC_ABI_SUPER_RELOAD,,,genicon_health,,,
Barkeep_unique_2,sc/ui.sc,icon_eiuD,Barkeep,,4,,damage_main_attack,,140,,,common,TID_SPEC_ABI_DAMAGE_MAIN_ATTACK,,,genicon_health,,,
HookDude_unique_2,sc/ui.sc,icon_eiuD,HookDude,,4,,damage_ulti,,300,,,common,TID_SPEC_ABI_DAMAGE_ULTI,,,genicon_health,,,
BlackHole_unique_2,sc/ui.sc,icon_eiuD,BlackHole,,4,,black_hole_healer,,1,,,common,TID_SPEC_ABI_BLACK_HOLE_HEALER,,,genicon_health,,,
ClusterBombDude_unique_2,sc/ui.sc,icon_eiuD,ClusterBombDude,,4,,recharge,,220,,,common,TID_SPEC_ABI_RECHARGE,,,genicon_health,,,
ShotgunGirl_unique_3,sc/ui.sc,icon_eiuD,ShotgunGirl,true,4,,super_range,,7,40,,common,TID_SPEC_SUPER_RANGE,,,genicon_health,,,
BullDude_unique_3,sc/ui.sc,icon_eiuD,BullDude,true,4,,immune_to_cc,,1,,,common,TID_SPEC_ABI_IMMUNE_TO_CC,,,genicon_health,,,
DeadMariachi_unique_3,sc/ui.sc,icon_eiuD,DeadMariachi,true,4,,cure_debuffs,,1,,,common,TID_SPEC_ABI_CURE_DEBUFFS,,,genicon_health,,,
Baseball_unique_3,sc/ui.sc,icon_eiuD,Baseball,true,4,,freeze,,60,350,,common,TID_SPEC_ABI_SUPER_SLOW,,,genicon_health,,,
Whirlwind_unique_3,sc/ui.sc,icon_eiuD,Whirlwind,true,4,,super_destroy_walls,,600,,,common,TID_SPEC_ABI_SUPER_DESTROY_WALLS,,,genicon_health,,,
Undertaker_unique_3,sc/ui.sc,icon_eiuD,Undertaker,true,4,,barrel_defense,,15,30,,common,TID_SPEC_ABI_DASH_SHIELD,,,genicon_health,,,
Arcade_unique,sc/ui.sc,icon_eiuD,Arcade,,4,,larger_area_ulti,,1,,,common,TID_SPEC_ABI_LARGER_AREA_ULTI,,,genicon_health,,,
Luchador_unique_3,sc/ui.sc,icon_eiuD,Luchador,true,4,,grow_from_damage,,500,2880,,common,TID_SPEC_ABI_GROW_FROM_DAMAGE,,,genicon_health,,,
Gunslinger_unique_3,sc/ui.sc,icon_eiuD,Gunslinger,true,4,,armor,,2000,,,common,TID_SPEC_ABI_ARMOR,,,genicon_health,,,
Mechanic_unique_3,sc/ui.sc,icon_eiuD,Mechanic,true,4,,walking_turret,,600,,,common,TID_SPEC_ABI_WALKING_TURRET,,,genicon_health,,,
RocketGirl_unique_3,sc/ui.sc,icon_eiuD,RocketGirl,true,4,,shield_ulti,,30,,,common,TID_SPEC_SHIELD_ULTI,,,genicon_health,,,
TntDude_unique_3,sc/ui.sc,icon_eiuD,TntDude,true,4,,pet,,1,,,common,TID_SPEC_ABI_PET,,,genicon_health,,,
Sniper_unique_3,sc/ui.sc,icon_eiuD,Sniper,true,4,,spot_from_air,,15,,,common,TID_SPEC_SPOT_FROM_AIR,,,genicon_health,,,
Ninja_unique_3,sc/ui.sc,icon_eiuD,Ninja,true,4,,damage_ulti,,140,,,common,TID_SPEC_ABI_DAMAGE_ULTI,,,genicon_health,,,
Cactus_unique_3,sc/ui.sc,icon_eiuD,Cactus,true,4,,spikes_low_health,,40,672,20,common,TID_SPEC_ABI_SPIKES_LOW_HEALTH,,,genicon_health,,,
Arcade_unlock,sc/ui.sc,,Arcade,,0,,unlock,,,,,common,,,,,,110,
Arcade_hp,sc/ui.sc,health_icon,Arcade,,1,,hp,,,,,common,TID_ARMOR,TID_ARMOR_STAT,,genicon_health,,,
Arcade_abi,sc/ui.sc,attack_icon,Arcade,,2,,skill,ArcadeWeapon,,,,common,TID_ARCADE_WEAPON,TID_STAT_DAMAGE_PER_BEAM,,genicon_damage,,,
Arcade_ulti,sc/ui.sc,ulti_icon,Arcade,,3,,skill,ArcadeUlti,,,,common,TID_ARCADE_ULTI,TID_STAT_DAMAGE_BOOST,TID_DAMAGE_BOOSTER_HEALTH,genicon_heal,genicon_health,,true
Arcade_unique_2,sc/ui.sc,icon_eiuD,Arcade,,4,,resurrect,,100,20,0,common,TID_SPEC_ABI_RESURRECT,,,genicon_health,,,
Sandstorm_unlock,sc/ui.sc,,Sandstorm,,0,,unlock,,,,,legendary,,,,,,604,
Sandstorm_hp,sc/ui.sc,health_icon,Sandstorm,,1,,hp,,,,,common,TID_ARMOR,TID_ARMOR_STAT,,genicon_health,,,
Sandstorm_abi,sc/ui.sc,attack_icon,Sandstorm,,2,,skill,SandstormWeapon,,,,common,TID_SANDSTORM_WEAPON,TID_STAT_DAMAGE,,genicon_damage,,,
Sandstorm_ulti,sc/ui.sc,ulti_icon,Sandstorm,,3,,skill,SandstormUlti,,,,common,TID_SANDSTORM_ULTI,TID_STAT_SANDSTORM,,genicon_damage,,,
Sandstorm_unique,sc/ui.sc,icon_eiuD,Sandstorm,,4,,aoe_dot,,120,,,common,TID_SPEC_ABI_SANDSTORM_DOT,,,genicon_health,,,
Sandstorm_unique_2,sc/ui.sc,icon_eiuD,Sandstorm,,4,,aoe_dot,,-250,,,common,TID_SPEC_ABI_SANDSTORM_HOT,,,genicon_health,,,
BeeSniper_unlock,sc/ui.sc,,BeeSniper,,0,,unlock,,,,,epic,,,,,,405,
BeeSniper_hp,sc/ui.sc,health_icon,BeeSniper,,1,,hp,,,,,common,TID_ARMOR,TID_ARMOR_STAT,,genicon_health,,,
BeeSniper_abi,sc/ui.sc,attack_icon,BeeSniper,,2,,skill,BeeSniperWeapon,,,,common,TID_BEE_SNIPER_WEAPON,TID_STAT_DAMAGE,,genicon_damage,,,
BeeSniper_ulti,sc/ui.sc,ulti_icon,BeeSniper,,3,,skill,BeeSniperUlti,,,,common,TID_BEE_SNIPER_ULTI,TID_STAT_DAMAGE_PER_DRONE,,genicon_damage,,,
BeeSniper_unique,sc/ui.sc,icon_eiuD,BeeSniper,,4,,instant_charged_shot,,2,,,common,TID_SPEC_ABI_BEE_SNIPER_1,,,genicon_damage,,,
BeeSniper_unique_2,sc/ui.sc,icon_eiuD,BeeSniper,,4,,ignore_lethal_damage,,20,100,,common,TID_SPEC_ABI_BEE_SNIPER_2,,,genicon_damage,,,
Mummy_unlock,sc/ui.sc,,Mummy,,0,,unlock,,,,,common,,,,,,111,
Mummy_hp,sc/ui.sc,health_icon,Mummy,,1,,hp,,,,,common,TID_ARMOR,TID_ARMOR_STAT,,genicon_health,,,
Mummy_abi,sc/ui.sc,attack_icon,Mummy,,2,,skill,MummyWeapon,,,,common,TID_MUMMY_WEAPON,TID_STAT_DAMAGE_PER_HALF_SECOND,,genicon_damage,,,
Mummy_ulti,sc/ui.sc,ulti_icon,Mummy,,3,,skill,MummyUlti,,,,common,TID_MUMMY_ULTI,TID_STAT_DAMAGE_PER_SECOND,,genicon_damage,,,
Mummy_unique,sc/ui.sc,icon_eiuD,Mummy,,4,,increase_dmg_consecutive_dot,,20,,,common,TID_SPEC_ABI_TICK_DMG_GROW,,,genicon_damage,,,
Mummy_unique_2,sc/ui.sc,icon_eiuD,Mummy,,4,,ulti_heals_self,,300,,,common,TID_SPEC_ABI_HEAL_SUPER_DMG,,,genicon_health,,,
SpawnerDude_unlock,sc/ui.sc,,SpawnerDude,,0,,unlock,,,,,common,,,,,,0,
SpawnerDude_hp,sc/ui.sc,health_icon,SpawnerDude,,1,,hp,,,,,common,TID_ARMOR,TID_ARMOR_STAT,,genicon_health,,,
SpawnerDude_abi,sc/ui.sc,attack_icon,SpawnerDude,,2,,skill,SpawnerDudeWeapon,,,,common,TID_SPAWNER_DUDE_WEAPON,TID_STAT_DAMAGE_EACH_WAY,,genicon_damage,,,
SpawnerDude_ulti,sc/ui.sc,ulti_icon,SpawnerDude,,3,,skill,SpawnerDudeUlti,,,,common,TID_SPAWNER_DUDE_ULTI,TID_SPAWNER_DUDE_ULTI,,genicon_damage,genicon_health,,
SpawnerDude_unique,sc/ui.sc,icon_eiuD,SpawnerDude,,4,,increase_dmg_consecutive_dot,,20,,,common,TID_SPEC_ABI_TICK_DMG_GROW,,,genicon_damage,,,
SpawnerDude_unique_2,sc/ui.sc,icon_eiuD,SpawnerDude,,4,,increase_dmg_consecutive_dot,,20,,,common,TID_SPEC_ABI_TICK_DMG_GROW,,,genicon_damage,,,
Speedy_unlock,sc/ui.sc,,Speedy,,0,,unlock,,,,,mega_epic,,,,,,504,
Speedy_hp,sc/ui.sc,health_icon,Speedy,,1,,hp,,,,,common,TID_ARMOR,TID_ARMOR_STAT,,genicon_health,,,
Speedy_abi,sc/ui.sc,attack_icon,Speedy,,2,,skill,SpeedyWeapon,,,,common,TID_SPEEDY_WEAPON,TID_STAT_DAMAGE_PER_SHOT,,genicon_damage,,,
Speedy_ulti,sc/ui.sc,ulti_icon,Speedy,,3,,skill,SpeedyUlti,,,,common,TID_SPEEDY_ULTI,TID_SPEEDY_ULTI_STAT,,genicon_damage,genicon_health,,
Speedy_unique,sc/ui.sc,icon_eiuD,Speedy,,4,,running_charges_ulti,,7,1,,common,TID_SPEC_ABI_SPEEDY_1,,,genicon_damage,,,
Speedy_unique_2,sc/ui.sc,icon_eiuD,Speedy,,4,,running_charges_weapon,,20,1,,common,TID_SPEC_ABI_SPEEDY_2,,,genicon_damage,,,
Homer_unlock,sc/ui.sc,,Homer,,0,,unlock,,,,,common,,,,,,0,
Homer_hp,sc/ui.sc,health_icon,Homer,,1,,hp,,,,,common,TID_ARMOR,TID_ARMOR_STAT,,genicon_health,,,
Homer_abi,sc/ui.sc,attack_icon,Homer,,2,,skill,HomerWeapon,,,,common,TID_HOMER_WEAPON,TID_STAT_DAMAGE_PER_SHOT,,genicon_damage,,,
Homer_ulti,sc/ui.sc,ulti_icon,Homer,,3,,skill,HomerUlti,,,,common,TID_HOMER_ULTI,TID_HOMER_ULTI_STAT,,genicon_damage,,,
Homer_unique,sc/ui.sc,icon_eiuD,Homer,,4,,increase_dmg_consecutive_dot,,20,,,common,TID_SPEC_ABI_TICK_DMG_GROW,,,genicon_damage,,,
Homer_unique_2,sc/ui.sc,icon_eiuD,Homer,,4,,increase_dmg_consecutive_dot,,20,,,common,TID_SPEC_ABI_TICK_DMG_GROW,,,genicon_damage,,,
